LogNumber,Date,Time,AccX,AccY,AccZ,Latitude,Longitude,Speed,PassIn,PassOut
London/25/1,09/08/2019,09:07:53 a. m.,0,0,0,0,0,0,0,0
London/25/10,09/08/2019,09:10:58 a. m.,0,0,0,51.523066,-0.038455,0,0,1
London/25/100,09/08/2019,09:38:05 a. m.,-1.206787109,-0.284667969,0.803710938,51.53375,-0.050936,30.19,0,0
London/25/101,09/08/2019,09:38:24 a. m.,-1.052978516,-0.004150391,0.284423828,51.533661,-0.050486,0,0,0
London/25/102,09/08/2019,09:38:42 a. m.,-1.143798828,-0.211425781,0.358398438,51.533592,-0.050329,7.04,0,0
London/25/103,09/08/2019,09:39:00 a. m.,-0.89453125,-0.149414063,0.336914063,51.533561,-0.05029,0,0,0
London/25/104,09/08/2019,09:39:19 a. m.,-0.890380859,-0.151123047,0.339355469,51.533559,-0.05029,0,0,0
London/25/105,09/08/2019,09:39:37 a. m.,-0.899658203,-0.132080078,0.335449219,51.533558,-0.05029,0,0,0
London/25/106,09/08/2019,09:39:55 a. m.,-0.906738281,-0.151367188,0.322998047,51.533557,-0.05029,0,0,0
London/25/107,09/08/2019,09:40:13 a. m.,-0.910400391,-0.157226563,0.335205078,51.533555,-0.050292,0,0,0
London/25/108,09/08/2019,09:40:31 a. m.,-0.943115234,-0.145263672,0.344238281,51.533555,-0.050292,0,0,0
London/25/109,09/08/2019,09:40:49 a. m.,-0.908935547,-0.149414063,0.323974609,51.533554,-0.050292,0,0,0
London/25/11,09/08/2019,09:11:18 a. m.,0,0,0,51.523066,-0.038455,0,0,2
London/25/110,09/08/2019,09:41:07 a. m.,-0.888183594,-0.154785156,0.342773438,51.533551,-0.050292,0,0,0
London/25/111,09/08/2019,09:41:25 a. m.,-0.911132813,-0.154785156,0.355957031,51.53355,-0.050292,0,0,0
London/25/112,09/08/2019,09:41:43 a. m.,-0.944335938,-0.154296875,0.338378906,51.533549,-0.050292,0,0,0
London/25/113,09/08/2019,09:42:01 a. m.,-0.970703125,-0.155273438,0.346191406,51.533549,-0.050292,0,0,0
London/25/114,09/08/2019,09:42:19 a. m.,-1.368164063,-0.095947266,0.397705078,51.533275,-0.050898,26.11,0,0
London/25/115,09/08/2019,09:42:36 a. m.,-1.370117188,-0.131591797,0.635253906,51.533173,-0.05216,15.37,0,0
London/25/116,09/08/2019,09:42:54 a. m.,-1.367919922,-0.118164063,0.493652344,51.533046,-0.053721,30.19,0,0
London/25/117,09/08/2019,09:43:12 a. m.,-1.30078125,-0.065917969,0.401123047,51.532744,-0.055331,33.15,0,0
London/25/118,09/08/2019,09:43:30 a. m.,-0.903076172,-0.100830078,0.373046875,51.53258,-0.056516,0,0,0
London/25/119,09/08/2019,09:43:48 a. m.,-0.867431641,-0.146484375,0.466796875,51.53258,-0.056515,0,0,0
London/25/12,09/08/2019,09:11:38 a. m.,0,0,0,51.523064,-0.038453,0,0,2
London/25/120,09/08/2019,09:44:06 a. m.,-1.115722656,-0.221679688,0.463378906,51.532524,-0.056888,20.93,0,0
London/25/121,09/08/2019,09:44:24 a. m.,-1.266357422,-0.068847656,0.444091797,51.53095,-0.05649,0,0,0
London/25/122,09/08/2019,09:44:42 a. m.,-1.090820313,-0.146240234,0.287841797,51.531026,-0.056382,0,0,0
London/25/123,09/08/2019,09:45:00 a. m.,-1.431152344,-0.025878906,0.320556641,51.530719,-0.057013,29.45,0,0
London/25/124,09/08/2019,09:45:18 a. m.,-1.421630859,-0.051757813,0.440673828,51.530306,-0.058182,26.3,0,0
London/25/125,09/08/2019,09:45:36 a. m.,-1.414550781,-0.091308594,0.513916016,51.529309,-0.061013,18.33,0,0
London/25/126,09/08/2019,09:45:54 a. m.,-1.492675781,-0.213623047,0.696289063,51.529044,-0.062047,27.59,0,0
London/25/127,09/08/2019,09:46:12 a. m.,-1.810058594,-0.098144531,0.767089844,51.528728,-0.063284,22.04,0,0
London/25/128,09/08/2019,09:46:30 a. m.,-1.545898438,-0.017333984,0.450683594,51.528474,-0.064794,20.93,0,0
London/25/129,09/08/2019,09:46:47 a. m.,-1.462890625,-0.090087891,0.581787109,51.527957,-0.066991,12.78,0,0
London/25/13,09/08/2019,09:11:58 a. m.,0,0,0,51.523063,-0.038452,0,0,2
London/25/130,09/08/2019,09:47:06 a. m.,-1.612548828,-0.093505859,0.717285156,51.52722,-0.066856,18.89,0,0
London/25/131,09/08/2019,09:47:23 a. m.,-1.513427734,0.120849609,0.565185547,51.52651,-0.066639,5.74,0,0
London/25/132,09/08/2019,09:47:41 a. m.,-0.936767578,-0.258544922,0.495849609,51.526412,-0.066614,3.7,0,0
London/25/133,09/08/2019,09:47:59 a. m.,-1.119873047,0.117675781,0.508056641,51.526271,-0.066088,2.59,0,0
London/25/134,09/08/2019,09:48:17 a. m.,-1.140136719,0.163085938,0.307861328,51.525797,-0.065733,15.74,0,0
London/25/135,09/08/2019,09:48:35 a. m.,-0.944335938,-0.085205078,0.378662109,51.525817,-0.065366,0,0,0
London/25/136,09/08/2019,09:48:53 a. m.,-0.898681641,-0.061035156,0.360351563,51.525819,-0.065376,0,0,0
London/25/137,09/08/2019,09:49:11 a. m.,-0.890625,-0.069824219,0.368652344,51.525821,-0.065373,0,0,0
London/25/138,09/08/2019,09:49:29 a. m.,-0.889892578,-0.061035156,0.37109375,51.525822,-0.065373,0,0,0
London/25/139,09/08/2019,09:49:47 a. m.,-1.014648438,-0.030273438,0.497314453,51.525823,-0.065373,0,0,0
London/25/14,09/08/2019,09:12:15 a. m.,0,0,0,51.523063,-0.038453,0,0,2
London/25/140,09/08/2019,09:50:04 a. m.,-1.182373047,-0.055175781,0.471191406,51.525961,-0.064591,0,0,0
London/25/141,09/08/2019,09:50:23 a. m.,-0.954101563,-0.046875,0.485839844,51.526214,-0.064625,0,0,0
London/25/142,09/08/2019,09:50:40 a. m.,-1.172607422,-0.142333984,0.510498047,51.526296,-0.064653,8.52,0,0
London/25/143,09/08/2019,09:50:58 a. m.,-1.030761719,-0.107421875,0.365234375,51.5267,-0.062714,22.41,0,0
London/25/144,09/08/2019,09:51:16 a. m.,-1.010498047,0.008300781,0.197509766,51.526835,-0.062049,0,0,0
London/25/145,09/08/2019,09:51:34 a. m.,-1.061035156,-0.064941406,0.472167969,51.526827,-0.061893,12.04,0,0
London/25/146,09/08/2019,09:51:52 a. m.,-1.038574219,-0.089111328,0.400146484,51.526975,-0.06037,29.63,0,0
London/25/147,09/08/2019,09:52:10 a. m.,-0.982177734,-0.169189453,0.357421875,51.527317,-0.057142,23.52,0,0
London/25/148,09/08/2019,09:52:28 a. m.,-0.982177734,-0.059570313,0.296386719,51.527472,-0.056477,0,0,0
London/25/149,09/08/2019,09:52:46 a. m.,-1.491455078,-0.255859375,0.207763672,51.527505,-0.056003,21.85,0,0
London/25/15,09/08/2019,09:12:31 a. m.,0,0,0,51.523063,-0.038454,0,0,2
London/25/150,09/08/2019,09:53:04 a. m.,-1.267333984,-0.005859375,0.507080078,51.525614,-0.055134,31.11,0,0
London/25/151,09/08/2019,09:53:22 a. m.,-1.082763672,-0.070556641,0.522705078,51.524863,-0.054892,22.96,0,0
London/25/152,09/08/2019,09:53:40 a. m.,-1.351806641,-0.036865234,0.444091797,51.523603,-0.054947,37.6,0,0
London/25/153,09/08/2019,09:53:57 a. m.,-0.999511719,0.001464844,0.244873047,51.522858,-0.054995,0,0,0
London/25/154,09/08/2019,09:54:15 a. m.,-0.890136719,-0.081054688,0.37109375,51.522834,-0.055022,0,0,0
London/25/155,09/08/2019,09:54:33 a. m.,-1.187255859,-0.143554688,0.530273438,51.522159,-0.055342,45.56,0,0
London/25/156,09/08/2019,09:54:51 a. m.,-1.1875,0.050048828,0.374511719,51.520906,-0.056132,15.74,0,0
London/25/157,09/08/2019,09:55:09 a. m.,-1.083740234,-0.017578125,0.328613281,51.520693,-0.056173,21.67,0,0
London/25/158,09/08/2019,09:55:27 a. m.,-0.898681641,-0.106445313,0.346679688,51.52033,-0.05658,0,0,0
London/25/159,09/08/2019,09:55:45 a. m.,-1.091064453,0.014892578,0.492431641,51.520185,-0.05651,19.08,0,0
London/25/16,09/08/2019,09:12:48 a. m.,-1.154541016,-0.113037109,0.400390625,51.523068,-0.038511,5,0,0
London/25/160,09/08/2019,09:56:03 a. m.,-1.163818359,-0.058837891,0.479003906,51.51934,-0.05593,27.59,0,0
London/25/161,09/08/2019,09:56:21 a. m.,-0.952148438,-0.068359375,0.356201172,51.51847,-0.055556,0,0,0
London/25/162,09/08/2019,09:56:39 a. m.,-1.388183594,0.090332031,0.625,51.517737,-0.055165,30.37,0,0
London/25/163,09/08/2019,09:56:57 a. m.,-1.555908203,-0.098876953,0.572998047,51.516703,-0.055206,22.22,0,0
London/25/164,09/08/2019,09:57:15 a. m.,-1.902099609,-0.082275391,0.675048828,51.515844,-0.055322,25.37,0,0
London/25/165,09/08/2019,09:57:33 a. m.,-1.47265625,0.141601563,0.418457031,51.514406,-0.055667,3.52,0,0
London/25/166,09/08/2019,09:57:50 a. m.,-1.140869141,0.023681641,0.307128906,51.51428,-0.054099,27.22,0,0
London/25/167,09/08/2019,09:58:08 a. m.,-1.167480469,-0.177978516,0.497558594,51.514286,-0.053713,0,0,0
London/25/168,09/08/2019,09:58:26 a. m.,-1.124755859,-0.088378906,0.372802734,51.514226,-0.052594,39.08,0,0
London/25/169,09/08/2019,09:58:44 a. m.,-1.138183594,-0.069824219,0.444091797,51.513468,-0.047835,44.63,0,0
London/25/17,09/08/2019,09:13:06 a. m.,-1.290771484,-0.254638672,0.410400391,51.523149,-0.038004,9.45,0,0
London/25/170,09/08/2019,09:59:02 a. m.,-1.241455078,-0.18359375,0.573730469,51.513229,-0.045303,46.49,0,0
London/25/171,09/08/2019,09:59:20 a. m.,-1.146484375,-0.100097656,0.349121094,51.513194,-0.04312,26.3,0,0
London/25/172,09/08/2019,09:59:38 a. m.,-1.135009766,-0.084716797,0.496826172,51.512678,-0.041319,26.3,0,0
London/25/173,09/08/2019,09:59:56 a. m.,-1.301025391,0.062988281,0.393554688,51.51151,-0.042046,32.04,0,0
London/25/174,09/08/2019,10:00:14 a. m.,-1.076904297,-0.02734375,0.278076172,51.51087,-0.042024,0,0,0
London/25/175,09/08/2019,10:00:32 a. m.,-0.890380859,-0.083984375,0.372802734,51.510855,-0.04201,0,0,0
London/25/176,09/08/2019,10:00:50 a. m.,-0.899414063,-0.084472656,0.364990234,51.51086,-0.041997,0,0,0
London/25/177,09/08/2019,10:01:08 a. m.,-0.944335938,-0.084472656,0.515380859,51.510727,-0.041969,15.93,0,0
London/25/178,09/08/2019,10:01:25 a. m.,-1.410644531,0.073486328,0.358886719,51.510842,-0.040337,39.63,0,0
London/25/179,09/08/2019,10:01:43 a. m.,-1.286132813,-0.072265625,0.391601563,51.511309,-0.03892,27.22,0,0
London/25/18,09/08/2019,09:13:24 a. m.,-1.541992188,-0.160644531,0.513916016,51.523256,-0.038053,10.74,0,0
London/25/180,09/08/2019,10:02:01 a. m.,-1.23828125,-0.062988281,0.495849609,0,0,0,0,0
London/25/181,09/08/2019,10:02:19 a. m.,-1.253173828,-0.045898438,0.352539063,0,0,0,0,0
London/25/182,09/08/2019,10:02:37 a. m.,-1.270019531,-0.013671875,0.473632813,0,0,0,0,0
London/25/183,09/08/2019,10:02:55 a. m.,-1.112792969,-0.103759766,0.416748047,51.507927,-0.027491,15.37,0,0
London/25/184,09/08/2019,10:03:13 a. m.,-1.183349609,-0.068115234,0.575683594,51.507009,-0.027221,37.23,0,0
London/25/185,09/08/2019,10:03:31 a. m.,-1.319824219,0.023925781,0.71484375,51.506478,-0.027078,2.41,0,0
London/25/186,09/08/2019,10:03:49 a. m.,-1.211914063,-0.079833984,0.604492188,51.505257,-0.025572,30.93,0,0
London/25/187,09/08/2019,10:04:07 a. m.,-1.136230469,-0.066162109,0.505371094,51.503915,-0.025109,10.93,0,0
London/25/188,09/08/2019,10:04:25 a. m.,-1.144042969,0.120117188,0.448242188,51.503309,-0.025446,17.22,0,0
London/25/189,09/08/2019,10:04:44 a. m.,-1.026123047,-0.104003906,0.427001953,51.502545,-0.025688,12.04,0,0
London/25/19,09/08/2019,09:13:42 a. m.,-0.970703125,-0.001953125,0.327148438,51.523041,-0.038471,0,0,0
London/25/190,09/08/2019,10:05:02 a. m.,-1.256591797,-0.260009766,0.473876953,51.501013,-0.025979,33.71,0,0
London/25/191,09/08/2019,10:05:20 a. m.,-1.299804688,-0.071777344,0.409667969,51.499773,-0.026002,21.48,0,0
London/25/192,09/08/2019,10:05:38 a. m.,-1.056884766,-0.019775391,0.293457031,51.499357,-0.025979,7.59,0,0
London/25/193,09/08/2019,10:05:56 a. m.,-1.214355469,-0.124511719,0.428710938,51.49871,-0.025927,16.3,0,0
London/25/194,09/08/2019,10:06:14 a. m.,-1.253173828,-0.086669922,0.379638672,51.496266,-0.025711,32.97,0,0
London/25/195,09/08/2019,10:06:31 a. m.,-1.208984375,-0.316894531,0.508544922,51.494991,-0.025511,35.56,0,0
London/25/196,09/08/2019,10:06:49 a. m.,-1.265869141,0.049072266,0.357177734,51.493701,-0.024876,38.34,0,0
London/25/197,09/08/2019,10:07:07 a. m.,-1.180664063,0.022460938,0.344726563,51.493113,-0.023763,7.22,0,0
London/25/198,09/08/2019,10:07:25 a. m.,-1.196777344,-0.11328125,0.370605469,51.493246,-0.022921,24.45,0,0
London/25/199,09/08/2019,10:07:43 a. m.,-0.908203125,-0.121582031,0.436523438,51.493203,-0.022566,0,0,0
London/25/2,09/08/2019,09:08:16 a. m.,0,0,0,0,0,0,0,0
London/25/20,09/08/2019,09:14:00 a. m.,-1.0625,-0.117675781,0.500976563,51.522967,-0.038519,7.59,0,0
London/25/200,09/08/2019,10:08:01 a. m.,-0.888427734,-0.091064453,0.373779297,51.493196,-0.022569,0,0,0
London/25/201,09/08/2019,10:08:19 a. m.,-0.890380859,-0.080566406,0.372558594,51.493195,-0.022568,0,0,0
London/25/202,09/08/2019,10:08:37 a. m.,-0.924316406,-0.084228516,0.36328125,51.493195,-0.022568,0,0,0
London/25/203,09/08/2019,10:08:55 a. m.,-0.890625,-0.086914063,0.374023438,51.493195,-0.02257,0,0,0
London/25/204,09/08/2019,10:09:13 a. m.,-0.889404297,-0.110839844,0.390380859,51.493194,-0.02257,0,0,0
London/25/205,09/08/2019,10:09:31 a. m.,-0.907958984,-0.092773438,0.378173828,51.493194,-0.022571,0,0,0
London/25/206,09/08/2019,10:09:48 a. m.,-0.900634766,-0.102050781,0.373046875,51.493193,-0.022571,0,0,0
London/25/207,09/08/2019,10:10:06 a. m.,-0.912597656,-0.088623047,0.347412109,51.493193,-0.022571,0,0,0
London/25/208,09/08/2019,10:10:24 a. m.,-0.921386719,-0.095703125,0.372314453,51.493192,-0.022571,0,0,0
London/25/209,09/08/2019,10:10:42 a. m.,-0.969238281,-0.035888672,0.403076172,51.493191,-0.022572,0,0,0
London/25/210,09/08/2019,10:11:00 a. m.,-0.920410156,-0.068603516,0.434814453,51.4932,-0.022499,3.7,0,0
London/25/211,09/08/2019,10:11:18 a. m.,-1.067871094,-0.039550781,0.379150391,51.493175,-0.022666,0,0,0
London/25/212,09/08/2019,10:11:36 a. m.,-1.044677734,-0.029296875,0.389404297,51.493178,-0.023755,6.85,0,0
London/25/213,09/08/2019,10:11:54 a. m.,-1.289306641,0.137939453,0.432373047,51.493221,-0.024345,20.19,0,0
London/25/214,09/08/2019,10:12:12 a. m.,-1.035644531,-0.124023438,0.323242188,51.493349,-0.02489,12.59,0,0
London/25/215,09/08/2019,10:12:30 a. m.,-1.203369141,0.075439453,0.419677734,51.494382,-0.025019,36.11,0,0
London/25/216,09/08/2019,10:12:48 a. m.,-1.211181641,-0.006835938,0.493896484,51.496582,-0.025827,30.56,0,0
London/25/217,09/08/2019,10:13:06 a. m.,-1.161376953,-0.102539063,0.405029297,51.497754,-0.02591,34.82,0,0
London/25/218,09/08/2019,10:13:24 a. m.,-1.248046875,-0.094970703,0.415039063,51.498912,-0.026009,29.08,0,0
London/25/219,09/08/2019,10:13:41 a. m.,-1.143798828,-0.180419922,0.417480469,51.500296,-0.026147,24.82,0,0
London/25/22,09/08/2019,09:14:36 a. m.,-0.966796875,-0.228759766,0.424560547,51.522737,-0.039775,7.96,0,0
London/25/220,09/08/2019,10:13:59 a. m.,-1.040039063,-0.088867188,0.380126953,51.501026,-0.026022,13.7,0,0
London/25/221,09/08/2019,10:14:17 a. m.,-1.234130859,-0.123046875,0.541259766,51.501436,-0.025985,24.82,0,0
London/25/222,09/08/2019,10:14:35 a. m.,-1.379150391,-0.027587891,0.340087891,51.502355,-0.025862,34.45,0,0
London/25/223,09/08/2019,10:14:53 a. m.,-1.268066406,-0.010009766,0.452880859,51.504328,-0.025625,32.04,0,0
London/25/224,09/08/2019,10:15:11 a. m.,-1.146972656,-0.028808594,0.613525391,51.505204,-0.02622,12.04,0,0
London/25/225,09/08/2019,10:15:29 a. m.,-1.535644531,0.547851563,0.550537109,51.505173,-0.027244,18.71,0,0
London/25/226,09/08/2019,10:15:47 a. m.,-1.289794922,0.137207031,0.318603516,51.507606,-0.02755,0,0,0
London/25/227,09/08/2019,10:16:05 a. m.,-0.904541016,-0.034912109,0.373046875,51.507658,-0.02755,0,0,0
London/25/228,09/08/2019,10:16:23 a. m.,-0.91015625,-0.030029297,0.386474609,51.507659,-0.02755,0,0,0
London/25/229,09/08/2019,10:16:41 a. m.,-0.855957031,-0.115478516,0.506835938,51.507658,-0.02755,0,0,0
London/25/23,09/08/2019,09:15:02 a. m.,-1.121582031,-0.236572266,0.249267578,51.522793,-0.0398,8.7,0,0
London/25/230,09/08/2019,10:16:59 a. m.,-1.153320313,-0.139892578,0.423339844,51.50878,-0.026953,35.93,0,0
London/25/231,09/08/2019,10:17:16 a. m.,-1.112792969,-0.102539063,0.404541016,51.509611,-0.026212,2.78,0,0
London/25/232,09/08/2019,10:17:35 a. m.,-0.873535156,-0.142089844,0.528320313,51.509625,-0.026121,0,0,0
London/25/233,09/08/2019,10:17:54 a. m.,-1.41796875,0.069091797,0.432861328,51.510769,-0.027217,41.3,0,0
London/25/234,09/08/2019,10:18:12 a. m.,-1.225830078,-0.138427734,0.447265625,51.511553,-0.028169,8.7,0,0
London/25/235,09/08/2019,10:18:29 a. m.,-0.917724609,-0.078613281,0.326904297,51.511493,-0.028264,0,0,0
London/25/236,09/08/2019,10:18:47 a. m.,-0.896728516,-0.088134766,0.354980469,51.51149,-0.028271,0,0,0
London/25/237,09/08/2019,10:19:05 a. m.,-0.900878906,-0.107910156,0.369140625,51.511489,-0.028273,0,0,0
London/25/238,09/08/2019,10:19:23 a. m.,-0.925292969,-0.096191406,0.372558594,51.511489,-0.028273,0,0,0
London/25/239,09/08/2019,10:19:41 a. m.,-1.081298828,-0.276123047,0.418701172,51.51149,-0.028274,0,0,0
London/25/24,09/08/2019,09:15:21 a. m.,-0.984375,-0.067382813,0.461425781,51.523263,-0.039131,37.78,0,0
London/25/240,09/08/2019,10:19:59 a. m.,-1.104980469,-0.124267578,0.581298828,51.512319,-0.028047,35.56,0,0
London/25/241,09/08/2019,10:20:17 a. m.,-1.116943359,-0.007324219,0.259033203,51.513854,-0.028156,0,0,0
London/25/242,09/08/2019,10:20:35 a. m.,-0.914794922,-0.088134766,0.348144531,51.513849,-0.028167,0,0,0
London/25/243,09/08/2019,10:20:53 a. m.,-0.920166016,-0.099365234,0.358642578,51.513849,-0.028167,0,0,0
London/25/244,09/08/2019,10:21:11 a. m.,-0.9296875,-0.068847656,0.342285156,51.513847,-0.028168,0,0,0
London/25/245,09/08/2019,10:21:29 a. m.,-0.874267578,-0.105712891,0.353515625,51.513845,-0.02817,0,0,0
London/25/246,09/08/2019,10:21:47 a. m.,-0.874511719,-0.106689453,0.348388672,51.513845,-0.028171,0,0,0
London/25/247,09/08/2019,10:22:05 a. m.,-0.874511719,-0.123291016,0.341552734,51.513844,-0.028171,0,0,0
London/25/248,09/08/2019,10:22:22 a. m.,-0.873046875,-0.103027344,0.355712891,51.513871,-0.028149,0,0,0
London/25/249,09/08/2019,10:22:40 a. m.,-0.873779297,-0.102539063,0.349609375,51.513871,-0.028146,0,0,0
London/25/25,09/08/2019,09:15:39 a. m.,-1.075683594,0.043212891,0.195800781,51.524487,-0.036489,33.34,0,0
London/25/250,09/08/2019,10:22:58 a. m.,-0.873291016,-0.103759766,0.357666016,51.51387,-0.028146,0,0,0
London/25/251,09/08/2019,10:23:16 a. m.,-0.883544922,-0.104736328,0.337402344,51.513869,-0.028147,0,0,0
London/25/252,09/08/2019,10:23:34 a. m.,-0.874267578,-0.105224609,0.357421875,51.51387,-0.028148,0,0,0
London/25/253,09/08/2019,10:23:52 a. m.,-0.874511719,-0.109130859,0.354248047,51.51387,-0.028145,0,0,0
London/25/254,09/08/2019,10:24:10 a. m.,-0.874511719,-0.103759766,0.359130859,51.51387,-0.028142,0,0,0
London/25/255,09/08/2019,10:24:28 a. m.,-0.875,-0.108398438,0.352050781,51.513869,-0.028142,0,0,0
London/25/256,09/08/2019,10:24:46 a. m.,-0.874511719,-0.103027344,0.354980469,51.513869,-0.028138,0,0,0
London/25/257,09/08/2019,10:25:04 a. m.,-0.874511719,-0.104980469,0.357421875,51.513869,-0.028137,0,0,0
London/25/258,09/08/2019,10:25:22 a. m.,-0.874267578,-0.124023438,0.341552734,51.513871,-0.028137,0,0,0
London/25/259,09/08/2019,10:25:40 a. m.,-0.874267578,-0.101074219,0.356933594,51.513871,-0.028138,0,0,0
London/25/26,09/08/2019,09:15:57 a. m.,-0.944824219,-0.139404297,0.467529297,51.524879,-0.035546,18.71,0,0
London/25/260,09/08/2019,10:25:57 a. m.,-0.874755859,-0.105957031,0.343261719,51.513871,-0.028138,0,0,0
London/25/261,09/08/2019,10:26:15 a. m.,-0.875,-0.103515625,0.354248047,51.51387,-0.028139,0,0,0
London/25/262,09/08/2019,10:26:33 a. m.,-0.874511719,-0.106689453,0.358154297,51.513871,-0.028137,0,0,0
London/25/263,09/08/2019,10:26:52 a. m.,-0.872314453,-0.103271484,0.358886719,51.513872,-0.028137,0,0,0
London/25/264,09/08/2019,10:27:09 a. m.,-0.874023438,-0.10546875,0.356933594,51.513872,-0.028138,0,0,0
London/25/265,09/08/2019,10:27:27 a. m.,-0.875,-0.106201172,0.343505859,51.513872,-0.028139,0,0,0
London/25/266,09/08/2019,10:27:45 a. m.,-0.875,-0.100830078,0.354736328,51.513872,-0.028135,0,0,0
London/25/267,09/08/2019,10:28:03 a. m.,-0.874511719,-0.102050781,0.352783203,51.513906,-0.028154,0,0,0
London/25/268,09/08/2019,10:28:21 a. m.,-0.873291016,-0.105957031,0.354248047,51.513871,-0.028122,0,0,0
London/25/269,09/08/2019,10:28:39 a. m.,-0.874755859,-0.107910156,0.35546875,51.513825,-0.028101,0,0,0
London/25/27,09/08/2019,09:16:14 a. m.,-1.085449219,-0.028564453,0.269775391,51.524964,-0.035397,2.59,0,0
London/25/270,09/08/2019,10:28:57 a. m.,-0.874511719,-0.124755859,0.341796875,51.513824,-0.028148,0,0,0
London/25/271,09/08/2019,10:29:15 a. m.,-0.875,-0.098876953,0.353759766,51.513825,-0.028145,0,0,0
London/25/272,09/08/2019,10:29:33 a. m.,-0.873046875,-0.102783203,0.353027344,51.513824,-0.02814,0,0,0
London/25/273,09/08/2019,10:29:50 a. m.,-0.874755859,-0.105957031,0.355957031,51.513825,-0.028134,0,0,0
London/25/274,09/08/2019,10:30:09 a. m.,-0.872070313,-0.106933594,0.351806641,51.513826,-0.028134,0,0,0
London/25/275,09/08/2019,10:30:26 a. m.,-0.874267578,-0.101074219,0.354980469,51.513828,-0.028132,0,0,0
London/25/276,09/08/2019,10:30:44 a. m.,-0.874267578,-0.120117188,0.341552734,51.513829,-0.028129,0,0,0
London/25/277,09/08/2019,10:31:02 a. m.,-0.874267578,-0.10546875,0.358642578,51.513828,-0.028125,0,0,0
London/25/278,09/08/2019,10:31:20 a. m.,-0.874511719,-0.106201172,0.352539063,51.513829,-0.02812,0,0,0
London/25/279,09/08/2019,10:31:38 a. m.,-0.873535156,-0.108154297,0.358398438,51.51383,-0.028116,0,0,0
London/25/28,09/08/2019,09:16:32 a. m.,-0.968261719,-0.066894531,0.281494141,51.525033,-0.035436,0,0,0
London/25/280,09/08/2019,10:31:56 a. m.,-0.874755859,-0.108154297,0.352050781,51.51383,-0.028114,0,0,0
London/25/281,09/08/2019,10:32:14 a. m.,-0.874755859,-0.104003906,0.354736328,51.513831,-0.02811,0,0,0
London/25/282,09/08/2019,10:32:32 a. m.,-0.875,-0.107910156,0.355957031,51.513832,-0.028109,0,0,0
London/25/283,09/08/2019,10:32:50 a. m.,-0.875,-0.120605469,0.342773438,51.513833,-0.028109,0,0,0
London/25/284,09/08/2019,10:33:07 a. m.,-0.874511719,-0.103515625,0.355224609,51.513832,-0.028113,0,0,0
London/25/285,09/08/2019,10:33:25 a. m.,-0.872314453,-0.102294922,0.358154297,51.513832,-0.028109,0,0,0
London/25/286,09/08/2019,10:33:43 a. m.,-0.901611328,-0.111083984,0.355957031,51.51383,-0.028108,0,0,0
London/25/287,09/08/2019,10:34:01 a. m.,-1.057617188,-0.097412109,0.302001953,51.51383,-0.028109,0,0,0
London/25/288,09/08/2019,10:34:19 a. m.,-0.941650391,-0.058105469,0.383544922,51.513829,-0.028108,0,0,0
London/25/289,09/08/2019,10:34:37 a. m.,-1.313232422,-0.011474609,0.519287109,51.514414,-0.028328,26.11,0,0
London/25/29,09/08/2019,09:16:50 a. m.,-0.932861328,-0.055908203,0.338623047,51.525026,-0.035379,3.15,0,0
London/25/290,09/08/2019,10:34:55 a. m.,-1.096435547,0.018310547,0.359375,51.51545,-0.02874,36.85,0,0
London/25/291,09/08/2019,10:35:13 a. m.,-1.092529297,-0.181396484,0.451416016,51.51754,-0.029954,40.93,0,0
London/25/292,09/08/2019,10:35:31 a. m.,-1.155761719,-0.066162109,0.438720703,51.519011,-0.030853,43.71,0,0
London/25/293,09/08/2019,10:35:49 a. m.,-1.056884766,-0.068115234,0.377929688,51.52036,-0.031976,42.41,0,0
London/25/294,09/08/2019,10:36:07 a. m.,-1.042236328,-0.165527344,0.408935547,51.521031,-0.033005,12.96,0,0
London/25/295,09/08/2019,10:36:25 a. m.,-1.280761719,-0.188476563,0.388427734,51.522616,-0.0341,20.93,0,0
London/25/296,09/08/2019,10:36:43 a. m.,-1.110839844,-0.039550781,0.427001953,51.523509,-0.034356,36.67,0,0
London/25/297,09/08/2019,10:37:00 a. m.,-1.158203125,0.143798828,0.297119141,51.52459,-0.034719,13.33,0,0
London/25/298,09/08/2019,10:37:18 a. m.,-0.940429688,-0.106933594,0.360839844,51.524616,-0.034733,0,0,0
London/25/299,09/08/2019,10:37:36 a. m.,-0.903808594,-0.100830078,0.356933594,51.524615,-0.034731,0,0,0
London/25/3,09/08/2019,09:08:36 a. m.,0,0,0,51.523112,-0.038131,0,0,0
London/25/30,09/08/2019,09:17:08 a. m.,-1.007324219,-0.154052734,0.4453125,51.525117,-0.035015,18.71,0,0
London/25/300,09/08/2019,10:37:54 a. m.,-0.905273438,-0.098388672,0.358886719,51.524615,-0.034733,0,0,0
London/25/301,09/08/2019,10:38:13 a. m.,-1.008300781,0.098388672,0.406494141,51.524678,-0.034775,15.74,0,0
London/25/302,09/08/2019,10:38:33 a. m.,-1.017578125,-0.251708984,0.50390625,51.524263,-0.036934,38.52,0,0
London/25/303,09/08/2019,10:38:51 a. m.,-1.159423828,-0.051025391,0.375732422,51.523422,-0.038749,47.04,0,0
London/25/304,09/08/2019,10:39:09 a. m.,-1.073242188,-0.135498047,0.378417969,51.522839,-0.039811,15.19,0,0
London/25/305,09/08/2019,10:39:26 a. m.,-1.250732422,-0.017089844,0.285400391,51.522915,-0.038809,0,0,0
London/25/306,09/08/2019,10:39:44 a. m.,-1.078369141,-0.010498047,0.381591797,51.522919,-0.038742,6.48,0,0
London/25/307,09/08/2019,10:40:02 a. m.,-0.923828125,-0.128662109,0.378417969,51.522962,-0.038616,2.41,0,0
London/25/308,09/08/2019,10:40:20 a. m.,-1.027832031,-0.128417969,0.410400391,51.523049,-0.038497,5.37,0,0
London/25/309,09/08/2019,10:40:38 a. m.,-0.979980469,0.016113281,0.332763672,51.523219,-0.038073,0,0,0
London/25/31,09/08/2019,09:17:26 a. m.,-1.145019531,-0.182861328,0.344726563,51.525917,-0.035363,36.85,0,0
London/25/310,09/08/2019,10:40:56 a. m.,-0.952880859,-0.072509766,0.379150391,51.523183,-0.03811,0,0,0
London/25/311,09/08/2019,10:41:14 a. m.,-0.937011719,-0.093994141,0.44921875,51.523152,-0.038122,2.04,0,0
London/25/312,09/08/2019,10:41:32 a. m.,-0.918945313,-0.084960938,0.359619141,51.52312,-0.038126,0,0,0
London/25/313,09/08/2019,10:41:50 a. m.,-0.926757813,-0.088378906,0.370361328,51.523117,-0.038123,0,0,0
London/25/314,09/08/2019,10:42:08 a. m.,-0.874023438,-0.095703125,0.362304688,51.523115,-0.038122,0,0,0
London/25/315,09/08/2019,10:42:26 a. m.,-0.875,-0.102050781,0.358398438,51.523115,-0.038121,0,0,0
London/25/316,09/08/2019,10:42:44 a. m.,-0.873535156,-0.09765625,0.359130859,51.523115,-0.03812,0,0,0
London/25/317,09/08/2019,10:43:01 a. m.,-0.873535156,-0.100585938,0.358154297,51.523114,-0.038119,0,0,0
London/25/318,09/08/2019,10:43:20 a. m.,-0.875,-0.102294922,0.358154297,51.523114,-0.038118,0,0,0
London/25/319,09/08/2019,10:43:37 a. m.,-0.874267578,-0.100341797,0.357910156,51.523114,-0.038119,0,0,0
London/25/32,09/08/2019,09:17:44 a. m.,-1.099609375,-0.069091797,0.250488281,51.528166,-0.037627,40,0,0
London/25/320,09/08/2019,10:43:55 a. m.,-0.911621094,-0.109619141,0.34375,51.523115,-0.03812,0,0,0
London/25/321,09/08/2019,10:44:13 a. m.,-0.909423828,-0.086425781,0.338623047,51.523115,-0.03812,0,0,0
London/25/322,09/08/2019,10:44:33 a. m.,-2,-1.050048828,-0.053466797,51.523115,-0.038121,0,0,0
London/25/323,09/08/2019,10:44:50 a. m.,-0.684814453,0.586425781,-0.554443359,51.523116,-0.038121,0,0,0
London/25/324,09/08/2019,10:45:09 a. m.,-0.687255859,0.588623047,-0.541992188,51.523117,-0.038121,0,0,0
London/25/325,09/08/2019,10:45:26 a. m.,-0.6875,0.589111328,-0.538085938,51.523117,-0.038121,0,0,0
London/25/326,09/08/2019,10:45:44 a. m.,-0.697509766,0.597412109,-0.536132813,51.523071,-0.038113,0,0,0
London/25/327,09/08/2019,10:46:02 a. m.,-0.680664063,0.596191406,-0.562255859,51.52307,-0.038117,0,0,0
London/25/328,09/08/2019,10:46:20 a. m.,-0.685546875,0.590087891,-0.540039063,51.523091,-0.038113,0,0,0
London/25/329,09/08/2019,10:46:38 a. m.,-0.686767578,0.593261719,-0.540771484,51.523071,-0.038123,0,0,0
London/25/33,09/08/2019,09:18:02 a. m.,-1.115234375,-0.061035156,0.358398438,51.529162,-0.038706,36.11,0,0
London/25/330,09/08/2019,10:46:56 a. m.,-0.6875,0.591796875,-0.543945313,51.523065,-0.038121,0,0,0
London/25/331,09/08/2019,10:47:14 a. m.,-0.681396484,0.592529297,-0.541259766,51.523066,-0.038118,0,0,0
London/25/332,09/08/2019,10:47:31 a. m.,-1.994140625,0.110595703,1.999938965,51.523067,-0.038122,0,0,0
London/25/333,09/08/2019,10:47:49 a. m.,-1.154541016,1.843688965,1.58203125,51.52307,-0.038108,0,0,0
London/25/334,09/08/2019,10:48:07 a. m.,-0.792480469,-0.087890625,1.999938965,51.523095,-0.0382,4.63,0,0
London/25/335,09/08/2019,10:48:25 a. m.,0.321777344,-0.173339844,1.999938965,51.523084,-0.038474,2.78,0,0
London/25/336,09/08/2019,10:48:43 a. m.,0.341308594,-0.335205078,1.999938965,51.523013,-0.038347,3.33,0,0
London/25/337,09/08/2019,10:49:01 a. m.,0.205322266,-0.126708984,1.162841797,51.523035,-0.038338,0,0,0
London/25/338,09/08/2019,10:49:19 a. m.,0.313476563,0.005371094,1.099365234,51.523047,-0.038331,0,0,0
London/25/339,09/08/2019,10:49:37 a. m.,0.06640625,-0.071044922,1.078369141,51.523046,-0.03833,0,0,0
London/25/34,09/08/2019,09:18:20 a. m.,-0.995849609,-0.056884766,0.307861328,51.529965,-0.039488,4.07,0,0
London/25/340,09/08/2019,10:49:55 a. m.,0.002929688,-0.074462891,1.077148438,51.523047,-0.03833,0,0,0
London/25/341,09/08/2019,10:50:13 a. m.,-0.023925781,-0.030761719,1.017333984,51.52305,-0.038326,0,0,0
London/25/342,09/08/2019,10:50:31 a. m.,0.014648438,-0.07421875,1.005126953,51.523049,-0.038327,0,0,0
London/25/343,09/08/2019,10:50:49 a. m.,0.017089844,-0.133300781,1.062011719,51.523049,-0.038327,0,0,0
London/25/344,09/08/2019,10:51:07 a. m.,0.366455078,-0.619628906,1.987792969,51.523049,-0.038327,0,0,0
London/25/345,09/08/2019,10:51:25 a. m.,0.701416016,-0.821533203,1.999938965,51.522937,-0.038594,5,0,0
London/25/346,09/08/2019,10:51:42 a. m.,0.619873047,-0.532958984,1.999938965,51.522837,-0.038835,5,0,0
London/25/347,09/08/2019,10:52:00 a. m.,0.659667969,-0.408203125,1.716552734,51.522768,-0.038956,4.26,0,0
London/25/348,09/08/2019,10:52:18 a. m.,0.903564453,-0.665527344,1.999938965,51.522579,-0.039357,5.37,0,0
London/25/349,09/08/2019,10:52:36 a. m.,0.237792969,-0.387451172,1.974365234,51.522658,-0.039646,4.82,0,0
London/25/35,09/08/2019,09:18:38 a. m.,-0.977539063,-0.109375,0.44921875,51.530882,-0.040228,26.67,0,0
London/25/350,09/08/2019,10:52:54 a. m.,0.723388672,-0.862548828,1.999938965,51.522842,-0.039676,2.41,0,0
London/25/351,09/08/2019,10:53:12 a. m.,0.375732422,-0.605957031,1.999938965,51.522876,-0.039983,5,0,0
London/25/352,09/08/2019,10:53:30 a. m.,0.215087891,-0.1796875,1.839111328,51.522701,-0.040342,1.11,0,0
London/25/353,09/08/2019,10:53:48 a. m.,-0.075683594,-0.372070313,0.872558594,51.522683,-0.040355,0,0,0
London/25/354,09/08/2019,10:54:06 a. m.,-0.070556641,-0.363037109,0.867431641,51.522683,-0.040355,0,0,0
London/25/355,09/08/2019,10:54:24 a. m.,-0.066162109,-0.362792969,0.870361328,51.522684,-0.040355,0,0,0
London/25/356,09/08/2019,10:54:42 a. m.,-0.076904297,-0.375,0.859130859,51.522684,-0.040354,0,0,0
London/25/357,09/08/2019,10:55:00 a. m.,-0.069824219,-0.373291016,0.859130859,51.522684,-0.040354,0,0,0
London/25/358,09/08/2019,10:55:17 a. m.,-0.087158203,-0.327392578,0.916748047,51.522684,-0.040354,0,0,0
London/25/359,09/08/2019,10:55:35 a. m.,-0.054443359,-0.368164063,0.885253906,51.522685,-0.040354,0,0,0
London/25/36,09/08/2019,09:18:56 a. m.,-1.018554688,-0.130615234,0.435546875,51.531856,-0.040806,32.41,0,0
London/25/360,09/08/2019,10:55:53 a. m.,-0.071533203,-0.373779297,0.859130859,51.522686,-0.040353,0,0,0
London/25/361,09/08/2019,10:56:11 a. m.,0.237792969,-0.239257813,0.921386719,51.522686,-0.040352,0,0,0
London/25/362,09/08/2019,10:56:29 a. m.,-0.064941406,-0.344726563,0.891357422,51.522687,-0.040351,0,0,0
London/25/363,09/08/2019,10:56:47 a. m.,-0.122802734,-0.387207031,0.842773438,51.522688,-0.04035,0,0,0
London/25/364,09/08/2019,10:57:05 a. m.,-0.020263672,-0.426757813,0.868164063,51.522688,-0.04035,0,0,0
London/25/365,09/08/2019,10:57:23 a. m.,-0.108886719,-0.40625,0.843261719,51.522688,-0.04035,0,0,0
London/25/366,09/08/2019,10:57:41 a. m.,-0.099853516,-0.405761719,0.842285156,51.522689,-0.040349,0,0,0
London/25/367,09/08/2019,10:57:59 a. m.,-0.100097656,-0.405761719,0.841796875,51.52269,-0.040348,0,0,0
London/25/368,09/08/2019,10:58:17 a. m.,-0.096435547,-0.560058594,0.811767578,51.52269,-0.040348,0,0,0
London/25/369,09/08/2019,10:58:35 a. m.,-0.103515625,-0.419677734,0.842285156,51.52269,-0.040347,0,0,0
London/25/37,09/08/2019,09:19:14 a. m.,-1.040527344,-0.138916016,0.352783203,51.532741,-0.04131,18.52,0,0
London/25/370,09/08/2019,10:58:53 a. m.,-0.037597656,-0.381835938,0.881347656,51.52269,-0.040347,0,0,0
London/25/371,09/08/2019,10:59:10 a. m.,-0.062255859,-0.418945313,0.841796875,51.52269,-0.040347,0,0,0
London/25/372,09/08/2019,10:59:29 a. m.,-0.112060547,-0.434814453,0.867675781,51.52269,-0.040347,0,0,0
London/25/373,09/08/2019,10:59:46 a. m.,-0.198486328,-0.415283203,0.820068359,51.52269,-0.040347,0,0,0
London/25/38,09/08/2019,09:19:32 a. m.,-1.127685547,0.005859375,0.3671875,51.533015,-0.041535,0,0,0
London/25/39,09/08/2019,09:19:49 a. m.,-1.534667969,-0.066650391,0.441162109,51.533843,-0.039709,35,0,0
London/25/4,09/08/2019,09:08:56 a. m.,0,0,0,51.523098,-0.038274,0,0,0
London/25/40,09/08/2019,09:20:07 a. m.,-1.015869141,-0.154541016,0.440429688,51.534215,-0.038351,8.52,0,0
London/25/41,09/08/2019,09:20:25 a. m.,-1.132080078,-0.413574219,0.455566406,51.534345,-0.036871,35.56,0,0
London/25/42,09/08/2019,09:20:43 a. m.,-1.838134766,-0.1171875,0.770263672,51.534769,-0.034771,40.37,0,0
London/25/43,09/08/2019,09:21:01 a. m.,-1.296142578,-0.143310547,0.498291016,51.535548,-0.031222,34.26,0,0
London/25/44,09/08/2019,09:21:19 a. m.,-1.220703125,-0.134765625,0.527099609,51.535785,-0.029522,26.85,0,0
London/25/45,09/08/2019,09:21:37 a. m.,-1.026367188,-0.051025391,0.28125,51.535803,-0.02921,0,0,0
London/25/46,09/08/2019,09:21:55 a. m.,-1.035400391,-0.154052734,0.354980469,51.535858,-0.028617,0,0,0
London/25/47,09/08/2019,09:22:13 a. m.,-0.904541016,-0.124023438,0.332519531,51.535827,-0.028659,0,0,0
London/25/48,09/08/2019,09:22:31 a. m.,-0.982666016,-0.110595703,0.356201172,51.535826,-0.028659,0,0,0
London/25/49,09/08/2019,09:22:49 a. m.,-1.279052734,-0.165527344,0.497558594,51.535887,-0.028229,22.04,0,0
London/25/5,09/08/2019,09:09:16 a. m.,0,0,0,51.523105,-0.038398,0,0,1
London/25/50,09/08/2019,09:23:07 a. m.,-1.212158203,-0.130126953,0.400146484,51.537317,-0.029056,10.37,0,0
London/25/51,09/08/2019,09:23:25 a. m.,-1.085205078,-0.080810547,0.34375,51.537301,-0.029607,0,0,0
London/25/52,09/08/2019,09:23:42 a. m.,-1.010498047,-0.083496094,0.472900391,51.537153,-0.029573,4.82,0,0
London/25/53,09/08/2019,09:24:00 a. m.,-0.936035156,-0.071533203,0.398925781,51.537002,-0.029551,2.22,0,0
London/25/54,09/08/2019,09:24:18 a. m.,-0.952392578,-0.027587891,0.417236328,51.537007,-0.029677,0,0,0
London/25/55,09/08/2019,09:24:36 a. m.,-0.954101563,-0.053466797,0.382080078,51.537007,-0.029678,0,0,0
London/25/56,09/08/2019,09:24:54 a. m.,-0.908691406,-0.053710938,0.361083984,51.537006,-0.029678,0,0,0
London/25/57,09/08/2019,09:25:12 a. m.,-0.906005859,-0.071777344,0.358886719,51.537006,-0.029679,0,0,0
London/25/58,09/08/2019,09:25:30 a. m.,-1.026855469,-0.028564453,0.327392578,51.536965,-0.029706,0,0,0
London/25/59,09/08/2019,09:25:48 a. m.,-1.124267578,-0.158691406,0.350341797,51.537011,-0.029529,4.63,0,0
London/25/6,09/08/2019,09:09:36 a. m.,0,0,0,51.523072,-0.038461,0,0,1
London/25/60,09/08/2019,09:26:06 a. m.,-1.232421875,-0.024658203,0.387207031,51.537214,-0.029365,14.45,0,0
London/25/61,09/08/2019,09:26:24 a. m.,-1.105957031,-0.212646484,0.349853516,51.536318,-0.028168,21.85,0,0
London/25/62,09/08/2019,09:26:42 a. m.,-1.174804688,-0.202636719,0.456542969,51.536071,-0.028029,10.19,0,0
London/25/63,09/08/2019,09:27:00 a. m.,-1.159667969,-0.078125,0.411621094,51.535853,-0.028596,21.67,0,0
London/25/64,09/08/2019,09:27:18 a. m.,-1.186035156,-0.008300781,0.422851563,51.535653,-0.029518,6.67,0,0
London/25/65,09/08/2019,09:27:35 a. m.,-1.361572266,-0.051757813,0.403564453,51.535261,-0.032847,30.56,0,0
London/25/66,09/08/2019,09:27:53 a. m.,-1.584960938,-0.028564453,0.612060547,51.534899,-0.033911,10,0,0
London/25/67,09/08/2019,09:28:11 a. m.,-1.465087891,-0.002197266,0.466308594,51.533974,-0.033237,21.85,0,0
London/25/68,09/08/2019,09:28:29 a. m.,-0.889160156,-0.026123047,0.394775391,51.53388,-0.033133,0,0,0
London/25/69,09/08/2019,09:28:47 a. m.,-0.918701172,-0.003662109,0.399658203,51.53388,-0.033133,0,0,0
London/25/7,09/08/2019,09:09:57 a. m.,0,0,0,51.52307,-0.038462,0,0,1
London/25/70,09/08/2019,09:29:05 a. m.,-0.916503906,0.012451172,0.352294922,51.533879,-0.033134,0,0,0
London/25/71,09/08/2019,09:29:23 a. m.,-0.889404297,-0.001708984,0.395996094,51.533881,-0.033158,0,0,0
London/25/72,09/08/2019,09:29:41 a. m.,-1.129394531,-0.030761719,0.410644531,51.533884,-0.033151,0,0,0
London/25/73,09/08/2019,09:29:59 a. m.,-1.061523438,-0.026855469,0.387451172,51.533078,-0.032701,34.08,0,0
London/25/74,09/08/2019,09:30:17 a. m.,-0.879638672,-0.061523438,0.436035156,51.532665,-0.03249,0,0,0
London/25/75,09/08/2019,09:30:35 a. m.,-0.890380859,-0.068847656,0.385498047,51.53265,-0.032496,0,0,0
London/25/76,09/08/2019,09:30:54 a. m.,-0.889892578,-0.085449219,0.382568359,51.532653,-0.032435,0,0,0
London/25/77,09/08/2019,09:31:12 a. m.,-1.063232422,-0.208496094,0.390625,51.532656,-0.032412,0,0,0
London/25/78,09/08/2019,09:31:30 a. m.,-1.064453125,-0.072753906,0.375244141,51.532333,-0.032788,25,0,0
London/25/79,09/08/2019,09:31:48 a. m.,-1.080810547,-0.094726563,0.443359375,51.531885,-0.035474,0.74,0,0
London/25/8,09/08/2019,09:10:17 a. m.,0,0,0,51.523069,-0.038459,0,0,1
London/25/80,09/08/2019,09:32:05 a. m.,-1.288818359,0.045654297,0.382080078,51.531631,-0.036763,33.34,0,0
London/25/81,09/08/2019,09:32:23 a. m.,-1.091308594,-0.086425781,0.418457031,51.531264,-0.038702,32.22,0,0
London/25/82,09/08/2019,09:32:41 a. m.,-1.072998047,-0.252685547,0.282714844,51.531153,-0.040418,27.59,0,0
London/25/83,09/08/2019,09:32:59 a. m.,-1.107910156,-0.086425781,0.462890625,51.532411,-0.04113,40.93,0,0
London/25/84,09/08/2019,09:33:17 a. m.,-1.006835938,0.143066406,0.44140625,51.533063,-0.041669,17.59,0,0
London/25/85,09/08/2019,09:33:35 a. m.,-1.065917969,-0.072753906,0.453613281,51.532805,-0.042634,30.74,0,0
London/25/86,09/08/2019,09:33:53 a. m.,-1.529052734,0.123779297,0.431640625,51.531415,-0.045492,22.41,0,0
London/25/87,09/08/2019,09:34:11 a. m.,-1.298828125,0.041503906,0.337402344,51.531081,-0.047248,30,0,0
London/25/88,09/08/2019,09:34:29 a. m.,-1.354492188,0.022949219,0.568115234,51.531131,-0.048219,19.08,0,0
London/25/89,09/08/2019,09:34:47 a. m.,-1.419921875,-0.036132813,0.452636719,51.531567,-0.049384,20.56,0,0
London/25/9,09/08/2019,09:10:37 a. m.,0,0,0,51.523067,-0.038458,0,0,1
London/25/90,09/08/2019,09:35:05 a. m.,-1.060791016,-0.336181641,0.431152344,51.532185,-0.0513,11.3,0,0
London/25/91,09/08/2019,09:35:24 a. m.,-1.304931641,-0.042724609,0.367919922,51.532289,-0.051635,17.78,0,0
London/25/92,09/08/2019,09:35:42 a. m.,-1.5546875,-0.114501953,0.599121094,51.532746,-0.05303,32.04,0,0
London/25/93,09/08/2019,09:36:00 a. m.,-1.441650391,-0.130615234,0.5078125,51.533182,-0.052292,4.82,0,0
London/25/94,09/08/2019,09:36:18 a. m.,-1.093994141,-0.024658203,0.40234375,51.53353,-0.052238,15.93,0,0
London/25/95,09/08/2019,09:36:36 a. m.,-0.925048828,-0.074462891,0.379150391,51.533635,-0.052299,0,0,0
London/25/96,09/08/2019,09:36:54 a. m.,-0.923095703,-0.075195313,0.393310547,51.533641,-0.0523,0,0,0
London/25/97,09/08/2019,09:37:11 a. m.,-0.920166016,-0.092529297,0.349853516,51.533705,-0.052378,0,0,0
London/25/98,09/08/2019,09:37:30 a. m.,-0.970214844,-0.029785156,0.346923828,51.533705,-0.052379,0,0,0
London/25/99,09/08/2019,09:37:47 a. m.,-1.316162109,-0.173828125,0.533447266,51.533714,-0.05242,0.93,0,0
